{"cameraMode":{"drawMode":0,"name":"Shaded","section":"Shading Mode"},"sceneLighting":false,"audioPlay":false,"sceneViewState":{"showFog":true,"showMaterialUpdate":false,"showSkybox":true,"showFlares":true,"showImageEffects":true,"showParticleSystems":true},"in2DMode":false,"pivot":{"x":2.0032999515533449,"y":2.0953316688537599,"z":-7.385230541229248},"rotation":{"x":0.053952135145664218,"y":0.0284544937312603,"z":-0.0015379996038973332,"w":0.9981371760368347},"size":1.8700380325317383,"orthographic":false}