{"cameraMode":{"drawMode":0,"name":"Shaded","section":"Shading Mode"},"sceneLighting":false,"audioPlay":false,"sceneViewState":{"showFog":true,"showMaterialUpdate":false,"showSkybox":false,"showFlares":true,"showImageEffects":true,"showParticleSystems":true},"in2DMode":false,"pivot":{"x":-0.013937754556536675,"y":5.806751728057861,"z":-6.3765869140625},"rotation":{"x":0.11822113394737244,"y":-0.005360015202313662,"z":0.0006381669663824141,"w":0.9929732084274292},"size":2.773444890975952,"orthographic":false}