{"cameraMode":{"drawMode":0,"name":"Shaded","section":"Shading Mode"},"sceneLighting":true,"audioPlay":false,"sceneViewState":{"showFog":true,"showMaterialUpdate":false,"showSkybox":true,"showFlares":true,"showImageEffects":true,"showParticleSystems":true},"in2DMode":false,"pivot":{"x":5.061768054962158,"y":3.875702381134033,"z":-1.2218116521835328},"rotation":{"x":-0.07642454653978348,"y":-0.006571891251951456,"z":0.0005190894589759409,"w":-0.9970719218254089},"size":6.447755336761475,"orthographic":false}