{"cameraMode":{"drawMode":0,"name":"Shaded","section":"Shading Mode"},"sceneLighting":true,"audioPlay":false,"sceneViewState":{"showFog":true,"showMaterialUpdate":false,"showSkybox":true,"showFlares":true,"showImageEffects":true,"showParticleSystems":true},"in2DMode":false,"pivot":{"x":16.48360824584961,"y":7.2110915184021,"z":2.134666919708252},"rotation":{"x":-0.09878402948379517,"y":-0.20359180867671967,"z":0.020713819190859796,"w":-0.973873496055603},"size":13.049769401550293,"orthographic":false}