{"cameraMode":{"drawMode":0,"name":"Shaded","section":"Shading Mode"},"sceneLighting":true,"audioPlay":false,"sceneViewState":{"showFog":true,"showMaterialUpdate":false,"showSkybox":true,"showFlares":true,"showImageEffects":true,"showParticleSystems":true},"in2DMode":false,"pivot":{"x":253.87008666992188,"y":-224.38766479492188,"z":482.53521728515627},"rotation":{"x":-0.200713112950325,"y":-0.23939047753810883,"z":0.05063146352767944,"w":-0.9486452341079712},"size":690.1971435546875,"orthographic":false}